Vacation setting successfully updated,Vacation setting successfully updated
Vacation setting is not saved yet,Vacation setting is not saved yet
Seller vacation Settings,Seller vacation Settings
Sellers Vacations,Sellers Vacations
Vacation Setting,Vacation Setting
Vacation Message,Vacation Message
Vacation Date From,Vacation Date From
Vacation Date To,Vacation Date To
Vacation Status,Vacation Status
Vacation Settings,Vacation Settings
Add To Cart Disabled,Add To Cart Disabled
Product Disable,Product Disable
